track_ids,danceability,energy,key,loudness,mode,speechiness,acousticness,instrumentalness,liveness,valence,tempo,genre,playlist_name
Superhero (Heroes & Villains) [with Future & Chris Brown],0.526,0.606,5,-5.3,0,0.259,0.152,2.36e-06,0.194,0.492,116.622,rap,Rap Caviar
Rich Flex,0.561,0.52,11,-9.342,0,0.244,0.0503,1.86e-06,0.355,0.424,153.15,rap,Rap Caviar
Freestyle,0.877,0.517,2,-5.426,0,0.0706,0.217,0.0,0.143,0.255,119.996,rap,Rap Caviar
Just Wanna Rock,0.486,0.545,11,-7.924,1,0.0336,0.0652,0.00474,0.0642,0.0385,150.187,rap,Rap Caviar
Internet Trolls,0.765,0.882,1,-3.392,1,0.414,0.0432,0.0,0.353,0.439,166.784,rap,Rap Caviar
No Role Modelz,0.69,0.521,10,-8.492,0,0.339,0.324,0.0,0.0534,0.494,100.028,rap,Rap Caviar
Champions,0.647,0.65,1,-7.396,1,0.0771,0.171,0.0,0.106,0.377,132.997,rap,Rap Caviar
King Snipe,0.818,0.526,1,-8.078,1,0.277,0.0103,0.0,0.146,0.531,125.061,rap,Rap Caviar
Niagara Falls (Foot or 2) [with Travis Scott & 21 Savage],0.671,0.658,2,-5.567,1,0.309,0.189,8.66e-05,0.147,0.257,87.933,rap,Rap Caviar
Many Men (Wish Death),0.653,0.826,6,-2.93,0,0.354,0.0153,0.00146,0.131,0.416,108.52,rap,Rap Caviar
Mad Max,0.898,0.64,5,-8.796,0,0.255,0.0212,0.0,0.0919,0.68,149.988,rap,Rap Caviar
23,0.852,0.487,2,-7.991,1,0.204,0.00424,2.18e-06,0.201,0.256,120.013,rap,Rap Caviar
Hell Yeah,0.696,0.708,9,-4.737,1,0.0438,0.000113,0.0,0.444,0.287,142.026,rap,Rap Caviar
Quickie,0.87,0.506,2,-9.415,1,0.432,0.0901,0.0,0.145,0.347,137.921,rap,Rap Caviar
Too Many Nights (feat. Don Toliver & with Future),0.684,0.671,7,-4.392,0,0.0464,0.189,2.37e-05,0.122,0.156,88.048,rap,Rap Caviar
Double Faces,0.751,0.646,5,-8.183,1,0.052,0.0261,4.36e-06,0.102,0.216,127.985,rap,Rap Caviar
Hanging With Wolves,0.823,0.636,11,-7.239,0,0.0612,0.0168,0.0,0.108,0.5,151.978,rap,Rap Caviar
"Hey, Mickey!",0.912,0.507,2,-11.952,1,0.0587,0.579,0.0,0.167,0.725,134.978,rap,Rap Caviar
"One Mic, One Gun",0.756,0.916,1,-2.692,1,0.207,0.0351,0.0,0.241,0.458,149.961,rap,Rap Caviar
Players,0.954,0.516,6,-5.817,1,0.16,0.03,7.54e-06,0.0504,0.624,105.001,rap,Rap Caviar
Pussy & Millions (feat. Travis Scott),0.749,0.63,4,-6.652,0,0.116,0.0623,0.0,0.353,0.445,122.03,rap,Rap Caviar
DARK BROTHERHOOD (feat. Lil Baby),0.681,0.801,7,-2.515,0,0.179,0.0687,0.0,0.768,0.371,148.936,rap,Rap Caviar
In Ha Mood,0.768,0.74,0,-6.595,1,0.336,0.696,6.81e-06,0.23,0.532,141.059,rap,Rap Caviar
Conceited (feat. Lola Brooke & Maiya The Don),0.94,0.761,8,-4.408,1,0.0979,0.0741,1.89e-05,0.59,0.414,118.027,rap,Rap Caviar
Out thë way,0.767,0.628,4,-7.41,0,0.242,0.21,8.79e-06,0.275,0.798,128.07,rap,Rap Caviar
Get Away,0.839,0.642,1,-5.581,1,0.0535,0.0431,6.76e-05,0.148,0.211,140.078,rap,Rap Caviar
Water (Drowning Pt. 2) [feat. Kodak Black],0.855,0.603,0,-5.488,1,0.284,0.0392,0.0,0.105,0.494,129.976,rap,Rap Caviar
My All,0.493,0.613,1,-6.636,1,0.414,0.0393,0.0,0.128,0.373,156.104,rap,Rap Caviar
Twin (feat. Lil Durk),0.785,0.609,11,-8.623,0,0.186,0.031,5.47e-05,0.096,0.326,83.962,rap,Rap Caviar
2 Million Up,0.884,0.423,6,-10.181,0,0.275,0.115,0.0,0.0895,0.259,95.753,rap,Rap Caviar
Blessing,0.703,0.636,1,-8.652,0,0.177,0.338,0.0,0.0981,0.496,132.986,rap,Rap Caviar
Real Spill,0.776,0.557,2,-7.441,1,0.545,0.0496,0.0,0.112,0.284,156.978,rap,Rap Caviar
Jigsaw,0.75,0.714,1,-9.032,1,0.134,0.00296,0.000113,0.137,0.254,160.036,rap,Rap Caviar
If You Still Wit Me (feat. Lil Baby),0.519,0.766,2,-6.519,1,0.345,0.0906,0.0,0.287,0.449,100.281,rap,Rap Caviar
FTCU (feat. GloRilla & Gangsta Boo),0.894,0.633,10,-5.294,0,0.298,0.0369,0.0,0.178,0.578,145.11,rap,Rap Caviar
Love For The Streets,0.799,0.733,2,-6.234,1,0.216,0.172,1.7e-05,0.332,0.753,146.051,rap,Rap Caviar
Do It Again (feat. 2Rare),0.806,0.64,11,-7.398,0,0.317,0.0864,0.0,0.201,0.716,160.054,rap,Rap Caviar
Torpedo,0.84,0.63,11,-5.671,0,0.0579,0.000502,0.00136,0.128,0.14,123.994,rap,Rap Caviar
FreakyT,0.806,0.542,0,-7.482,0,0.064,0.241,0.000494,0.113,0.14,142.881,rap,Rap Caviar
JUST FRIENDS ?,0.642,0.282,1,-15.018,1,0.4,0.351,0.0,0.264,0.161,147.022,rap,Rap Caviar
LET GO,0.735,0.449,2,-9.933,0,0.383,0.859,0.0,0.213,0.514,146.016,rap,Rap Caviar
Two Tens (feat. Anderson .Paak),0.603,0.546,4,-7.525,0,0.35,0.194,2.68e-06,0.0783,0.667,87.99,rap,Rap Caviar
Do It Right,0.662,0.515,5,-6.867,1,0.199,0.458,0.0,0.163,0.386,69.808,rap,Rap Caviar
Letter to Takeoff,0.808,0.478,5,-8.63,0,0.381,0.375,0.0,0.0761,0.335,140.958,rap,Rap Caviar
Don't Play With It (feat. Billy B),0.763,0.726,1,-5.61,1,0.109,0.00377,0.0,0.0719,0.327,99.042,rap,Rap Caviar
KNIGHT CRAWLER (feat. Juice WRLD),0.679,0.769,0,-3.539,1,0.24,0.0537,0.0,0.309,0.424,130.094,rap,Rap Caviar
Sucka Or Sum,0.828,0.539,1,-7.3,1,0.225,0.205,3.83e-05,0.305,0.68,125.05,rap,Rap Caviar
PUT YOU ON GAME,0.805,0.692,10,-2.142,0,0.301,0.273,0.0,0.126,0.601,145.904,rap,Rap Caviar
JOC IN '06,0.857,0.524,1,-11.931,1,0.279,0.0255,0.0,0.336,0.379,137.943,rap,Rap Caviar
On Wat U On (with GloRilla),0.894,0.528,1,-7.623,1,0.466,0.0444,0.0,0.108,0.2,144.532,rap,Rap Caviar
IF I STOP NOW,0.636,0.656,11,-7.123,0,0.344,0.0219,0.0,0.13,0.362,75.962,rap,Rap Caviar
Internet Trolls,0.765,0.882,1,-3.392,1,0.414,0.0432,0.0,0.353,0.439,166.784,rap,No Cap
Champions,0.647,0.65,1,-7.396,1,0.0771,0.171,0.0,0.106,0.377,132.997,rap,No Cap
Back Flippin,0.81,0.379,1,-6.77,1,0.27,0.00976,0.0,0.112,0.381,87.572,rap,No Cap
Ma Boy,0.874,0.812,1,-5.499,1,0.114,0.0191,0.000846,0.113,0.465,138.047,rap,No Cap
On BS,0.841,0.358,9,-8.368,1,0.591,0.0201,0.0,0.39,0.329,158.014,rap,No Cap
Superhero (Heroes & Villains) [with Future & Chris Brown],0.526,0.606,5,-5.3,0,0.259,0.152,2.36e-06,0.194,0.492,116.622,rap,No Cap
King Snipe,0.818,0.526,1,-8.078,1,0.277,0.0103,0.0,0.146,0.531,125.061,rap,No Cap
Long Way To Go,0.855,0.732,5,-5.645,1,0.255,0.0911,0.0,0.0733,0.72,147.98,rap,No Cap
Jigsaw,0.75,0.714,1,-9.032,1,0.134,0.00296,0.000113,0.137,0.254,160.036,rap,No Cap
Ain't On None (feat. 21 Savage),0.709,0.661,5,-6.02,0,0.245,0.0157,1.99e-06,0.0846,0.329,170.051,rap,No Cap
Conceited (feat. Lola Brooke & Maiya The Don),0.94,0.761,8,-4.408,1,0.0979,0.0741,1.89e-05,0.59,0.414,118.027,rap,No Cap
23,0.852,0.487,2,-7.991,1,0.204,0.00424,2.18e-06,0.201,0.256,120.013,rap,No Cap
JOC IN '06,0.857,0.524,1,-11.931,1,0.279,0.0255,0.0,0.336,0.379,137.943,rap,No Cap
Dennis,0.536,0.717,2,-4.587,1,0.292,0.00491,0.0,0.0887,0.337,161.972,rap,No Cap
Umbrella (with 21 Savage & Young Nudy),0.822,0.788,11,-3.634,0,0.173,0.0838,0.000173,0.359,0.389,111.016,rap,No Cap
Gang Nem (feat. EST Gee),0.89,0.408,11,-6.757,1,0.421,0.234,0.0,0.112,0.64,81.019,rap,No Cap
Sucka Or Sum,0.828,0.539,1,-7.3,1,0.225,0.205,3.83e-05,0.305,0.68,125.05,rap,No Cap
Overdose,0.875,0.59,2,-8.106,1,0.271,0.0332,0.0,0.109,0.485,137.013,rap,No Cap
On Site,0.726,0.486,6,-9.213,1,0.379,0.04,0.0,0.766,0.572,159.983,rap,No Cap
How Bout U ?,0.772,0.569,3,-5.391,1,0.0807,0.562,0.0,0.145,0.557,140.916,rap,No Cap
Primetime,0.823,0.792,1,-5.477,1,0.24,0.00753,1.2e-05,0.375,0.334,119.943,rap,No Cap
Magic Potion,0.716,0.504,3,-8.097,0,0.394,0.367,0.0,0.282,0.626,145.041,rap,No Cap
IF I STOP NOW,0.636,0.656,11,-7.123,0,0.344,0.0219,0.0,0.13,0.362,75.962,rap,No Cap
Mary Jane,0.656,0.579,1,-8.416,1,0.34,0.0296,0.0,0.131,0.334,80.152,rap,No Cap
First Time,0.549,0.435,4,-11.923,0,0.385,0.0109,0.0,0.11,0.522,100.99,rap,No Cap
AL Roker,0.753,0.424,6,-10.62,0,0.599,0.197,0.0,0.0694,0.714,162.878,rap,No Cap
Bestfrenn (feat. GloRilla),0.817,0.918,1,-3.749,1,0.297,0.0121,0.0,0.166,0.815,161.1,rap,No Cap
4GOD II,0.707,0.832,2,-4.967,1,0.267,0.00464,1.11e-06,0.0843,0.544,94.491,rap,No Cap
Quickie,0.87,0.506,2,-9.415,1,0.432,0.0901,0.0,0.145,0.347,137.921,rap,No Cap
If You Still Wit Me (feat. Lil Baby),0.519,0.766,2,-6.519,1,0.345,0.0906,0.0,0.287,0.449,100.281,rap,No Cap
Where's Dexter,0.709,0.675,2,-5.915,1,0.284,0.0594,0.0,0.115,0.397,137.983,rap,No Cap
Parking Lot,0.829,0.628,1,-8.187,1,0.521,0.205,0.0,0.11,0.508,180.209,rap,No Cap
Check (feat. Big Yavo),0.816,0.756,1,-5.062,1,0.197,0.0045,0.0,0.226,0.556,135.046,rap,No Cap
Rich Flex,0.561,0.52,11,-9.342,0,0.244,0.0503,1.86e-06,0.355,0.424,153.15,rap,No Cap
Roll A opp,0.74,0.495,6,-12.981,0,0.407,0.0977,0.000495,0.226,0.491,141.944,rap,No Cap
Brody Trippin (feat. Baby Drill),0.746,0.52,9,-9.28,1,0.442,0.0403,0.0,0.152,0.486,72.895,rap,No Cap
Love For The Streets,0.799,0.733,2,-6.234,1,0.216,0.172,1.7e-05,0.332,0.753,146.051,rap,No Cap
Where U From,0.844,0.724,2,-5.776,1,0.194,0.0668,0.0,0.313,0.815,102.018,rap,No Cap
I Got A Bag (feat. Hotboii),0.501,0.699,7,-4.733,1,0.248,0.171,0.0,0.123,0.671,85.267,rap,No Cap
Ain’t Right,0.8,0.375,1,-6.834,1,0.129,0.02,0.0,0.121,0.0561,139.985,rap,No Cap
On Wat U On (with GloRilla),0.894,0.528,1,-7.623,1,0.466,0.0444,0.0,0.108,0.2,144.532,rap,No Cap
No More Friends,0.645,0.842,5,-3.023,0,0.0983,0.00816,0.0,0.396,0.237,150.039,rap,No Cap
Out of Time,0.868,0.562,11,-5.111,0,0.251,0.0111,0.0,0.0826,0.132,89.951,rap,No Cap
Neighborhood Trapstars,0.854,0.626,2,-6.486,1,0.448,0.0511,0.0,0.34,0.132,100.135,rap,No Cap
Writing My Wrongs,0.422,0.536,2,-6.605,0,0.053,0.405,0.0,0.204,0.719,151.206,rap,No Cap
Gah Damn,0.807,0.519,2,-11.421,1,0.358,0.00171,0.0,0.365,0.139,139.991,rap,No Cap
"One Mic, One Gun",0.756,0.916,1,-2.692,1,0.207,0.0351,0.0,0.241,0.458,149.961,rap,No Cap
Pew Pew,0.902,0.544,7,-8.242,0,0.242,0.153,0.0,0.111,0.136,131.912,rap,No Cap
Get Em,0.803,0.414,8,-12.382,1,0.572,0.154,0.0,0.12,0.543,79.929,rap,No Cap
Da Rant,0.529,0.687,11,-7.142,1,0.28,0.0242,1.47e-06,0.129,0.222,82.283,rap,No Cap
Conceited (feat. Lola Brooke & Maiya The Don),0.94,0.761,8,-4.408,1,0.0979,0.0741,1.89e-05,0.59,0.414,118.027,rap,Pressure
What Else,0.925,0.551,9,-7.145,1,0.21,0.117,0.0,0.08,0.666,127.024,rap,Pressure
Tomorrow 2 (with Cardi B),0.791,0.818,0,-3.93,1,0.406,0.0695,0.0,0.114,0.693,159.922,rap,Pressure
Princess Diana,0.902,0.733,9,-4.056,1,0.164,0.289,0.0,0.085,0.821,147.977,rap,Pressure
Don't Worry Bout It,0.895,0.805,10,-5.578,0,0.0486,0.00194,0.0,0.113,0.318,140.986,rap,Pressure
Anxiety,0.951,0.766,8,-4.65,0,0.259,0.233,0.0,0.118,0.686,126.989,rap,Pressure
Give U Some (feat. Rob49),0.945,0.682,4,-7.295,0,0.311,0.0177,0.0,0.0813,0.84,102.489,rap,Pressure
Telfy,0.939,0.713,0,-6.964,0,0.206,0.247,0.0,0.0732,0.69,123.065,rap,Pressure
Come Thru,0.765,0.595,1,-11.121,1,0.419,0.0274,0.00147,0.0692,0.208,79.964,rap,Pressure
PTSD,0.854,0.463,1,-5.997,1,0.0915,0.00773,7.35e-06,0.12,0.551,119.04,rap,Pressure
No Hook,0.783,0.758,2,-4.294,0,0.3,0.279,0.0,0.129,0.51,102.018,rap,Pressure
Texture,0.846,0.602,10,-8.008,0,0.201,0.017,7.55e-06,0.187,0.16,140.099,rap,Pressure
Uh Ohhh,0.849,0.687,6,-7.064,0,0.104,0.00732,0.0,0.113,0.316,144.017,rap,Pressure
Nann Hoe,0.88,0.681,7,-8.083,0,0.252,0.055,0.0,0.086,0.722,78.013,rap,Pressure
Body Bag,0.858,0.622,7,-4.413,1,0.266,0.515,0.0,0.146,0.517,85.054,rap,Pressure
6000 Degrees (AH HA),0.918,0.517,2,-7.085,1,0.156,0.0365,0.0,0.0998,0.158,131.983,rap,Pressure
berserk,0.886,0.886,0,-5.222,1,0.218,0.0721,0.000134,0.0621,0.701,99.924,rap,Pressure
M.A.B,0.858,0.828,0,-4.16,1,0.103,0.00662,0.0,0.613,0.579,150.045,rap,Pressure
Diamond in the Rough - Remix,0.822,0.601,1,-7.421,1,0.429,0.15,0.0,0.098,0.689,155.003,rap,Pressure
Hands on the Floor,0.859,0.508,5,-7.459,0,0.331,0.182,0.0,0.0725,0.592,100.067,rap,Pressure
Honey Bun,0.718,0.763,7,-7.011,1,0.114,0.266,0.00214,0.335,0.181,92.054,rap,Pressure
BAFWM,0.907,0.681,1,-5.06,1,0.311,0.204,0.0,0.0637,0.726,139.906,rap,Pressure
Maneuver (feat. Flo Milli),0.842,0.859,11,-3.654,1,0.265,0.0682,0.0,0.148,0.568,124.941,rap,Pressure
Issa Photoshoot,0.803,0.634,2,-5.403,1,0.0946,0.0463,0.0,0.0969,0.453,160.018,rap,Pressure
Blow It (feat. Kali),0.845,0.442,11,-6.655,0,0.147,0.0321,0.315,0.107,0.343,88.502,rap,Pressure
Here I Come,0.825,0.663,1,-4.989,1,0.0948,0.0138,0.000222,0.0971,0.45,91.965,rap,Pressure
Stand On It,0.897,0.721,1,-3.857,1,0.307,0.133,1.21e-06,0.0527,0.704,139.995,rap,Pressure
In Ha Mood,0.768,0.74,0,-6.595,1,0.336,0.696,6.81e-06,0.23,0.532,141.059,rap,Pressure
Gotsta Get Paid,0.81,0.734,11,-2.353,1,0.142,0.00673,0.0,0.136,0.52,142.644,rap,Pressure
Keep The Change,0.778,0.682,6,-4.917,0,0.209,0.0111,0.0,0.132,0.256,155.091,rap,Pressure
F.N.G.M.,0.937,0.719,6,-6.409,0,0.161,0.0186,1.1e-05,0.0909,0.384,96.048,rap,Pressure
Pussycat,0.873,0.812,0,-3.624,1,0.14,0.031,0.0,0.118,0.388,127.015,rap,Pressure
Gang Gang,0.674,0.869,1,-4.528,1,0.132,0.117,0.000174,0.309,0.566,146.16,rap,Pressure
Wet,0.853,0.422,8,-5.639,1,0.113,0.00572,3.39e-06,0.11,0.522,160.028,rap,Pressure
Black Barbie,0.838,0.766,6,-8.485,1,0.517,0.45,0.0,0.0738,0.855,164.873,rap,Pressure
Munch (Feelin’ U),0.811,0.528,11,-7.278,0,0.275,0.291,0.0,0.0787,0.635,166.084,rap,Pressure
TAN,0.696,0.478,1,-7.898,1,0.229,0.00417,0.0,0.418,0.218,84.082,rap,Pressure
Scary (feat. Rico Nasty),0.903,0.707,0,-4.896,1,0.439,0.0106,2.89e-05,0.114,0.528,85.024,rap,Pressure
Messy,0.69,0.308,11,-16.06,1,0.496,0.3,0.0,0.0996,0.446,144.015,rap,Pressure
F.N.F. (Let's Go),0.864,0.476,1,-10.068,1,0.436,0.0374,0.0,0.374,0.647,157.144,rap,Pressure
Gorilla,0.716,0.813,5,-5.748,1,0.256,0.269,0.0,0.104,0.682,90.418,rap,Pressure
Juju,0.744,0.349,1,-8.474,1,0.363,0.194,0.0,0.0994,0.265,82.495,rap,Pressure
Swamp Bitches (with Rico Nasty),0.823,0.62,0,-6.219,1,0.0671,0.000132,0.000354,0.0866,0.194,140.082,rap,Pressure
Raid,0.684,0.683,1,-5.531,1,0.343,0.0177,0.0,0.111,0.663,165.883,rap,Pressure
Seduce & Scheme (RAP SH!T: Soundtrack From The Max Original Series),0.915,0.645,1,-6.312,1,0.0847,0.0012,0.0,0.0794,0.385,108.028,rap,Pressure
Big Steppa,0.982,0.857,0,-3.163,1,0.219,0.254,3.99e-05,0.0416,0.581,111.986,rap,Pressure
CHOSEN,0.71,0.593,9,-10.684,1,0.33,0.00969,0.0,0.398,0.329,96.353,rap,Pressure
Back To The Basics,0.935,0.597,3,-8.464,0,0.358,0.283,0.0,0.108,0.791,129.981,rap,Pressure
Come Outside,0.775,0.874,8,-3.561,1,0.262,0.665,0.0,0.141,0.691,142.916,rap,Pressure
Outside (feat. Fivio Foreign),0.822,0.666,6,-7.377,0,0.389,0.101,0.0,0.133,0.866,73.487,rap,Pressure
Gangsta,0.908,0.623,9,-5.548,1,0.294,0.0823,0.0,0.0814,0.87,146.054,rap,Pressure
Out Loud Thinking,0.651,0.545,5,-5.617,0,0.64,0.052,0.0,0.86,0.233,73.727,rap,Pressure
Bag$ on Bag$,0.868,0.715,2,-4.86,1,0.154,0.000959,0.0,0.105,0.193,74.999,rap,Pressure
Remember,0.855,0.704,11,-11.274,1,0.445,0.0679,0.0,0.664,0.16,149.999,rap,Pressure
Alone,0.811,0.603,2,-3.485,1,0.338,0.0124,0.0,0.244,0.375,158.906,rap,Pressure
One Time,0.832,0.577,8,-7.556,1,0.323,0.0716,0.0,0.163,0.609,137.754,rap,Pressure
Bout U,0.868,0.409,6,-7.104,0,0.131,0.00169,0.00552,0.23,0.294,145.059,rap,Pressure
Playin Wit Me,0.905,0.682,6,-7.51,0,0.268,0.00194,0.0,0.0598,0.805,85.01,rap,Pressure
Choosey,0.767,0.599,10,-10.83,0,0.34,0.368,0.0,0.117,0.816,104.923,rap,Pressure
Real Freak,0.834,0.509,1,-8.946,1,0.247,0.0088,0.0,0.0807,0.454,150.049,rap,Pressure
Unh Unh,0.724,0.8,1,-6.19,1,0.415,0.0741,1.53e-06,0.144,0.562,178.339,rap,Pressure
GIRLS GONE WILD,0.899,0.555,10,-9.322,0,0.09,0.141,2.14e-06,0.0933,0.62,140.148,rap,Pressure
The Facts (feat. Young Devyn),0.725,0.67,0,-5.936,1,0.226,0.0067,0.0,0.1,0.362,160.043,rap,Pressure
Glass Slipper Flows,0.515,0.692,9,-5.898,1,0.38,0.145,0.0,0.589,0.279,75.188,rap,Pressure
Mel Gibson,0.776,0.745,0,-9.976,1,0.457,0.202,9.48e-05,0.367,0.594,77.925,rap,Pressure
Red Flags,0.841,0.65,8,-5.627,1,0.131,0.021,4.15e-06,0.0694,0.748,129.979,pop,Pop Rising
Love Again,0.662,0.398,11,-6.691,0,0.0275,0.716,0.0,0.111,0.468,107.001,pop,Pop Rising
Flowers,0.707,0.681,0,-4.325,1,0.0668,0.0632,5.15e-06,0.0322,0.646,117.999,pop,Pop Rising
Ghost,0.715,0.931,11,-3.548,0,0.0426,0.00573,0.00185,0.0549,0.615,119.971,pop,Pop Rising
Rush,0.792,0.503,1,-8.044,1,0.0626,0.0369,0.00057,0.0959,0.381,99.97,pop,Pop Rising
TRUSTFALL,0.636,0.888,8,-3.889,1,0.0945,0.00162,0.000216,0.147,0.25,122.032,pop,Pop Rising
SAD B!TCH,0.544,0.692,0,-3.207,0,0.155,0.296,0.0,0.131,0.618,193.954,pop,Pop Rising
I'm Not Here To Make Friends,0.698,0.895,0,-4.439,1,0.0628,0.172,1.45e-05,0.409,0.838,114.914,pop,Pop Rising
ceilings,0.516,0.322,9,-11.762,1,0.0292,0.473,0.00194,0.215,0.261,148.005,pop,Pop Rising
Nonsense,0.74,0.697,8,-4.912,1,0.034,0.0268,0.0,0.224,0.732,138.992,pop,Pop Rising
Too Well,0.668,0.618,10,-4.639,1,0.0607,0.125,0.0,0.112,0.389,120.951,pop,Pop Rising
Kill Bill,0.644,0.735,8,-5.747,1,0.0391,0.0521,0.144,0.161,0.418,88.98,pop,Pop Rising
i'm yours,0.398,0.705,5,-7.07,0,0.0756,0.204,5.13e-05,0.443,0.635,111.487,pop,Pop Rising
Boy's a liar Pt. 2,0.696,0.809,5,-8.254,1,0.05,0.252,0.000128,0.248,0.857,132.962,pop,Pop Rising
Escapism.,0.538,0.742,2,-5.355,1,0.114,0.138,4.67e-05,0.0934,0.25,96.107,pop,Pop Rising
Lavender Haze,0.733,0.436,10,-10.489,1,0.08,0.258,0.000573,0.157,0.0976,96.985,pop,Pop Rising
PSYCHO,0.62,0.681,9,-4.915,1,0.356,0.0138,0.0,0.0248,0.741,160.743,pop,Pop Rising
Where do we go now?,0.612,0.691,10,-10.67,1,0.0454,0.419,0.0242,0.145,0.632,151.029,pop,Pop Rising
I Can't Go Back To The Way It Was (Intro),0.439,0.43,10,-9.033,1,0.121,0.868,0.00145,0.115,0.15,146.73,pop,Pop Rising
Evangeline,0.469,0.568,3,-7.084,1,0.0305,0.0817,0.0,0.146,0.193,109.172,pop,Pop Rising
BABY SAID,0.622,0.715,6,-4.04,0,0.0323,0.000982,0.0,0.0796,0.607,131.012,pop,Pop Rising
About You,0.416,0.762,2,-7.385,1,0.0279,0.312,0.804,0.0559,0.461,95.967,pop,Pop Rising
Ice Cream Man.,0.548,0.295,6,-10.276,1,0.245,0.693,0.000278,0.247,0.123,152.593,pop,Pop Rising
Voices (feat. Oliver Tree),0.729,0.549,2,-5.332,0,0.0292,0.0865,0.0,0.0951,0.624,95.012,pop,Pop Rising
Can't Tame Her,0.584,0.915,6,-3.199,0,0.11,0.00686,0.000155,0.098,0.57,181.882,pop,Pop Rising
MUST BE NICE,0.539,0.338,2,-8.693,1,0.0299,0.911,0.0,0.106,0.247,99.786,pop,Pop Rising
Too Late (with AJR),0.729,0.622,6,-6.931,0,0.087,0.0216,0.0,0.294,0.588,88.966,pop,Pop Rising
LLYLM,0.555,0.634,6,-5.522,0,0.273,0.129,2.32e-06,0.188,0.555,170.228,pop,Pop Rising
Low,0.698,0.546,0,-7.234,0,0.0559,0.425,0.00314,0.16,0.335,145.044,pop,Pop Rising
That's What I Get,0.814,0.722,1,-5.487,1,0.0454,0.33,0.0,0.0713,0.47,142.959,pop,Pop Rising
F64,0.751,0.618,6,-6.643,0,0.324,0.596,0.0,0.129,0.707,93.728,pop,Pop Rising
Gimme (feat. Koffee & Jessie Reyez),0.76,0.457,10,-8.075,0,0.0533,0.127,0.000703,0.13,0.745,104.972,pop,Pop Rising
OMG,0.804,0.771,9,-4.067,0,0.0433,0.357,3.07e-06,0.108,0.739,126.956,pop,Pop Rising
people pleaser,0.692,0.758,3,-3.453,0,0.0522,0.158,0.0,0.0774,0.701,94.058,pop,Pop Rising
People,0.573,0.422,10,-7.621,0,0.0678,0.551,1.31e-05,0.102,0.693,124.357,pop,Pop Rising
LET GO,0.735,0.449,2,-9.933,0,0.383,0.859,0.0,0.213,0.514,146.016,pop,Pop Rising
GOSSIP (feat. Tom Morello),0.706,0.821,9,-2.974,1,0.0617,0.00164,0.0,0.0981,0.918,139.914,pop,Pop Rising
Luv Me A Little,0.478,0.769,5,-5.092,1,0.0448,0.168,0.0,0.156,0.157,155.998,pop,Pop Rising
messy in heaven,0.62,0.837,8,-4.356,0,0.13,0.128,0.000242,0.242,0.433,172.081,pop,Pop Rising
One Of Us,0.626,0.842,0,-3.827,0,0.0357,0.014,0.0,0.235,0.55,145.03,pop,Pop Rising
About You,0.705,0.568,7,-5.32,1,0.0439,0.614,0.0,0.0774,0.354,150.743,pop,Pop Rising
Pointless,0.325,0.59,4,-3.943,1,0.0495,0.0686,0.0,0.104,0.278,180.449,pop,Pop Rising
Men On The Moon,0.552,0.517,8,-7.906,1,0.0245,0.0211,0.00612,0.152,0.105,79.512,pop,Pop Rising
I Wish you Roses,0.467,0.624,10,-8.511,0,0.0508,0.143,0.000899,0.145,0.31,141.889,pop,Pop Rising
The Lows,0.668,0.618,1,-7.148,0,0.173,0.108,0.0,0.0951,0.812,170.023,pop,Pop Rising
Midnight Rain,0.643,0.363,0,-11.738,1,0.0767,0.69,5.17e-05,0.115,0.23,139.865,pop,Pop Rising
Girl Like Me,0.729,0.646,5,-7.953,0,0.0686,0.0248,0.0,0.168,0.54,125.007,pop,Pop Rising
I'll Be Waiting,0.514,0.651,1,-4.039,1,0.043,0.349,0.0,0.0776,0.525,155.913,pop,Pop Rising
One Life,0.463,0.827,6,-4.43,0,0.219,0.216,0.0,0.145,0.399,173.719,pop,Pop Rising
Stick Season,0.662,0.488,9,-6.894,1,0.0682,0.782,0.0,0.102,0.817,117.913,pop,Pop Rising
In The Kitchen,0.364,0.294,0,-6.578,0,0.0504,0.833,0.0,0.264,0.125,79.477,pop,Pop Rising
Sorry To Me Too,0.682,0.642,11,-6.765,0,0.0825,0.391,0.000271,0.107,0.387,148.127,pop,Pop Rising
10:35,0.696,0.793,8,-5.733,1,0.097,0.0683,3.78e-06,0.18,0.698,120.003,pop,Pop Rising
Hero,0.534,0.696,9,-5.211,0,0.0694,0.316,0.0,0.248,0.251,168.149,pop,Pop Rising
brrr,0.569,0.808,3,-5.203,0,0.171,0.091,0.0,0.173,0.449,146.902,pop,Pop Rising
Bad Idea,0.802,0.628,7,-6.576,0,0.122,0.0311,0.000232,0.262,0.625,96.97,pop,Pop Rising
blame's on me,0.306,0.121,1,-17.118,0,0.0396,0.863,0.0,0.167,0.238,159.08,pop,Pop Rising
Ghost of You,0.737,0.858,3,-4.1,1,0.0648,0.0537,0.0,0.0825,0.65,126.254,pop,Pop Rising
uh oh,0.625,0.604,10,-7.415,0,0.339,0.257,2.06e-05,0.129,0.372,174.089,pop,Pop Rising
Back To You,0.679,0.548,0,-7.495,1,0.0298,0.234,0.0,0.189,0.413,115.954,pop,Pop Rising
My Mind & Me,0.6,0.389,9,-5.727,1,0.0337,0.566,0.0,0.0826,0.244,143.577,pop,Pop Rising
Teenage Dream,0.622,0.375,10,-9.069,1,0.0279,0.411,0.0,0.0812,0.221,111.968,pop,Pop Rising
How Could You,0.573,0.17,11,-10.576,1,0.0555,0.834,3.08e-06,0.108,0.28,146.749,pop,Pop Rising
Something in the Orange,0.369,0.192,4,-12.151,0,0.04,0.555,8.35e-06,0.0954,0.148,175.212,pop,Pop Rising
October Passed Me By,0.445,0.367,0,-13.086,1,0.0452,0.761,0.075,0.0987,0.202,155.675,pop,Pop Rising
Locksmith,0.566,0.348,1,-10.726,1,0.0458,0.559,7.66e-06,0.113,0.374,98.734,pop,Pop Rising
Anti-Hero,0.637,0.643,4,-6.571,1,0.0519,0.13,1.8e-06,0.142,0.533,97.008,pop,Pop Rising
Before You,0.269,0.373,8,-7.113,0,0.0371,0.15,0.0,0.129,0.321,202.899,pop,Pop Rising
Nothing Is Lost (You Give Me Strength),0.52,0.693,5,-7.704,1,0.0331,0.0002,2.2e-05,0.122,0.12,126.985,pop,Pop Rising
Homesick,0.503,0.643,6,-6.494,1,0.0407,0.0261,2.27e-05,0.314,0.43,169.955,pop,Pop Rising
"Wish on an Eyelash, Pt. 2",0.496,0.408,11,-10.35,0,0.0532,0.548,0.000577,0.313,0.33,102.073,pop,Pop Rising
rumble,0.81,0.836,1,-7.721,0,0.0645,0.0515,0.229,0.0598,0.0585,139.979,pop,Pop Rising
VIBE (feat. Jimin of BTS),0.78,0.683,0,-5.319,1,0.0575,0.0801,0.0,0.22,0.608,100.049,pop,Pop Rising
Die For You,0.472,0.518,8,-7.379,1,0.051,0.383,0.127,0.289,0.154,147.805,pop,Pop Rising
Here With Me,0.574,0.469,4,-8.209,1,0.0254,0.534,9.21e-05,0.128,0.288,132.023,pop,Pop Rising
Tripping Over Air,0.622,0.799,11,-4.811,1,0.0342,0.00185,1.08e-06,0.269,0.6,116.985,pop,Pop Rising
Eyes On You,0.729,0.786,10,-4.357,1,0.0389,0.117,0.0,0.265,0.729,131.906,pop,Pop Rising
Fall In Love Alone,0.676,0.625,7,-5.455,0,0.0711,0.316,0.000119,0.127,0.522,171.883,pop,Pop Rising
Shut Up,0.378,0.614,1,-3.809,0,0.0761,0.13,0.0,0.309,0.451,175.937,pop,Pop Rising
Satellite,0.741,0.73,7,-7.07,1,0.0349,0.0279,0.000264,0.0851,0.725,124.001,pop,Pop Rising
STAR WALKIN' (League of Legends Worlds Anthem),0.637,0.715,2,-4.971,0,0.0455,0.148,0.0,0.0892,0.308,141.872,pop,Pop Rising
Sick of U (with Oliver Tree),0.676,0.814,0,-3.213,1,0.0585,0.277,0.0,0.0953,0.601,92.554,pop,Pop Rising
Oh Caroline,0.646,0.85,2,-5.466,1,0.0428,0.363,4.01e-05,0.0994,0.819,96.538,pop,Pop Rising
Loser,0.698,0.623,8,-7.845,0,0.037,0.623,0.0856,0.179,0.625,102.002,pop,Pop Rising
AVA,0.578,0.471,3,-6.379,0,0.0417,0.155,0.0,0.0779,0.233,86.982,pop,Pop Rising
Like A Saviour,0.696,0.679,3,-3.899,0,0.0303,0.0232,0.0,0.147,0.58,123.017,pop,New Pop Picks
Ice Cream Man.,0.548,0.295,6,-10.276,1,0.245,0.693,0.000278,0.247,0.123,152.593,pop,New Pop Picks
Do U Really? (with Ruth B.),0.639,0.569,10,-6.898,1,0.0584,0.31,1.66e-05,0.105,0.565,87.025,pop,New Pop Picks
SAD B!TCH,0.544,0.692,0,-3.207,0,0.155,0.296,0.0,0.131,0.618,193.954,pop,New Pop Picks
TRUSTFALL,0.636,0.888,8,-3.889,1,0.0945,0.00162,0.000216,0.147,0.25,122.032,pop,New Pop Picks
Boy's a liar Pt. 2,0.696,0.809,5,-8.254,1,0.05,0.252,0.000128,0.248,0.857,132.962,pop,New Pop Picks
I'm Not Here To Make Friends,0.698,0.895,0,-4.439,1,0.0628,0.172,1.45e-05,0.409,0.838,114.914,pop,New Pop Picks
Sad in Hawaii,0.536,0.819,2,-4.624,1,0.158,0.0135,0.0,0.119,0.563,156.942,pop,New Pop Picks
Gatekeeper,0.541,0.461,2,-6.797,1,0.0317,0.0368,0.0,0.329,0.435,143.918,pop,New Pop Picks
Too Late (with AJR),0.729,0.622,6,-6.931,0,0.087,0.0216,0.0,0.294,0.588,88.966,pop,New Pop Picks
"Hold On (From ""Dear Edward"")",0.446,0.279,1,-10.719,1,0.0326,0.855,0.000158,0.0674,0.319,86.252,pop,New Pop Picks
Almost Loved You,0.523,0.116,5,-10.245,1,0.0411,0.908,0.0,0.0788,0.327,76.664,pop,New Pop Picks
MUST BE NICE,0.539,0.338,2,-8.693,1,0.0299,0.911,0.0,0.106,0.247,99.786,pop,New Pop Picks
Moderación (Con Camilo),0.453,0.45,4,-9.055,1,0.237,0.741,2.42e-05,0.106,0.609,74.709,pop,New Pop Picks
I Made It,0.557,0.444,1,-8.115,1,0.0653,0.548,0.0,0.0789,0.0399,129.917,pop,New Pop Picks
Love Again,0.662,0.398,11,-6.691,0,0.0275,0.716,0.0,0.111,0.468,107.001,pop,New Pop Picks
deadly ever after,0.607,0.641,6,-4.907,1,0.0501,0.0459,6.55e-05,0.168,0.581,152.023,pop,New Pop Picks
That's What I Get,0.814,0.722,1,-5.487,1,0.0454,0.33,0.0,0.0713,0.47,142.959,pop,New Pop Picks
MISS ME,0.739,0.694,0,-5.217,0,0.0406,0.15,4.38e-05,0.125,0.446,94.99,pop,New Pop Picks
You Don't Call Me Anymore,0.334,0.4,1,-8.359,1,0.0421,0.624,0.0,0.0894,0.289,84.206,pop,New Pop Picks
Ghost,0.715,0.931,11,-3.548,0,0.0426,0.00573,0.00185,0.0549,0.615,119.971,pop,New Pop Picks
Scatterbrain,0.942,0.365,10,-12.766,0,0.47,0.151,0.0,0.108,0.622,120.016,pop,New Pop Picks
A Lover Like Me,0.59,0.86,2,-4.725,1,0.0528,0.0454,0.0,0.314,0.799,79.976,pop,New Pop Picks
Made You Look (feat. Kim Petras),0.809,0.531,10,-2.956,1,0.0735,0.298,0.0,0.0748,0.817,145.024,pop,New Pop Picks
Startover,0.729,0.673,7,-6.457,1,0.0415,0.402,0.0,0.168,0.386,110.002,pop,New Pop Picks
FALLING 4 SOMEBODY,0.789,0.622,2,-5.423,0,0.0513,0.0832,0.0,0.1,0.352,138.811,pop,New Pop Picks
You Only Love Me,0.67,0.727,7,-5.477,1,0.0689,0.277,0.0,0.52,0.412,110.151,pop,New Pop Picks
Perfect For You,0.483,0.685,2,-5.226,1,0.0312,0.00451,0.0,0.291,0.208,122.945,pop,New Pop Picks
Can't Tame Her,0.584,0.915,6,-3.199,0,0.11,0.00686,0.000155,0.098,0.57,181.882,pop,New Pop Picks
RIP,0.716,0.603,11,-4.607,1,0.0333,0.376,1.88e-05,0.133,0.567,102.944,pop,New Pop Picks
FYP,0.515,0.695,9,-7.492,0,0.0564,0.000576,0.000181,0.115,0.306,160.024,pop,New Pop Picks
drunk text,0.382,0.401,0,-8.955,1,0.0851,0.286,0.0,0.0851,0.145,185.636,pop,New Pop Picks
Happy for Me,0.665,0.569,7,-5.469,1,0.0453,0.328,0.0,0.115,0.411,131.974,pop,New Pop Picks
Over & Done,0.803,0.579,1,-5.524,0,0.246,0.0638,0.0,0.39,0.595,141.969,pop,New Pop Picks
Evangeline,0.469,0.568,3,-7.084,1,0.0305,0.0817,0.0,0.146,0.193,109.172,pop,New Pop Picks
Red Flags,0.841,0.65,8,-5.627,1,0.131,0.021,4.15e-06,0.0694,0.748,129.979,pop,New Pop Picks
How The Story Ends,0.516,0.257,3,-11.534,1,0.0303,0.952,2e-06,0.138,0.293,95.968,pop,New Pop Picks
ur a bitch,0.844,0.729,11,-7.242,1,0.0541,0.256,1.72e-05,0.105,0.675,131.061,pop,New Pop Picks
Flowers,0.707,0.681,0,-4.325,1,0.0668,0.0632,5.15e-06,0.0322,0.646,117.999,pop,New Pop Picks
Oh My God,0.852,0.545,2,-8.261,1,0.0464,0.284,0.0877,0.102,0.339,98.015,pop,New Pop Picks
Butterflies (feat. AURORA),0.326,0.157,4,-16.287,0,0.0415,0.971,0.138,0.191,0.3,178.711,pop,New Pop Picks
"people grow apart, people let me down",0.479,0.581,10,-8.104,1,0.0542,0.0359,0.0,0.316,0.383,144.094,pop,New Pop Picks
3 Months,0.741,0.319,6,-7.555,1,0.0296,0.862,0.0,0.222,0.502,109.999,pop,New Pop Picks
F64,0.751,0.618,6,-6.643,0,0.324,0.596,0.0,0.129,0.707,93.728,pop,New Pop Picks
1st,0.572,0.368,2,-7.498,0,0.0306,0.827,0.0,0.285,0.285,99.767,pop,New Pop Picks
latenight,0.671,0.644,2,-6.517,1,0.0602,0.389,1.08e-06,0.0966,0.231,139.9,pop,New Pop Picks
Confident,0.519,0.811,2,-4.443,1,0.0523,0.118,0.0,0.15,0.658,155.892,pop,New Pop Picks
COOL GIRL,0.777,0.446,0,-6.406,1,0.0298,0.303,0.0,0.0992,0.676,130.051,pop,New Pop Picks
LLYLM,0.555,0.634,6,-5.522,0,0.273,0.129,2.32e-06,0.188,0.555,170.228,pop,New Pop Picks
"Adam, Check Please",0.659,0.554,9,-7.01,1,0.0456,0.253,0.0,0.0672,0.613,127.981,pop,New Pop Picks
life after life,0.649,0.624,8,-7.428,1,0.108,0.189,0.0,0.111,0.163,147.899,pop,New Pop Picks
Old Movies,0.635,0.386,4,-9.666,1,0.0791,0.703,0.0,0.394,0.528,118.037,pop,New Pop Picks
BABY SAID,0.622,0.715,6,-4.04,0,0.0323,0.000982,0.0,0.0796,0.607,131.012,pop,New Pop Picks
Lunar Love,0.708,0.378,7,-9.162,0,0.065,0.41,7.07e-05,0.0736,0.334,159.896,pop,New Pop Picks
Luv Me A Little,0.478,0.769,5,-5.092,1,0.0448,0.168,0.0,0.156,0.157,155.998,pop,New Pop Picks
AS IT SEEMS,0.484,0.469,0,-9.731,1,0.0522,0.159,0.0,0.119,0.219,147.71,pop,New Pop Picks
Voices (feat. Oliver Tree),0.729,0.549,2,-5.332,0,0.0292,0.0865,0.0,0.0951,0.624,95.012,pop,New Pop Picks
Body Better,0.653,0.781,2,-4.092,1,0.1,0.345,5.38e-06,0.365,0.864,118.017,pop,New Pop Picks
Here,0.522,0.681,1,-5.073,1,0.0462,0.0791,0.0,0.194,0.343,120.469,pop,New Pop Picks
Something’s Coming,0.514,0.825,0,-4.452,1,0.0748,0.111,0.0,0.333,0.411,119.985,pop,New Pop Picks
How To Drive,0.465,0.232,7,-14.004,1,0.0682,0.884,0.0,0.137,0.253,77.313,pop,New Pop Picks
MONEY ON THE DASH,0.84,0.667,8,-7.126,1,0.0843,0.0439,1.34e-05,0.179,0.292,120.044,pop,New Pop Picks
A Letter To Everyone Who's Hurt Me,0.562,0.339,2,-12.66,1,0.0514,0.737,0.0,0.186,0.191,119.985,pop,New Pop Picks
I Can Love Anyone (As Long As It's You),0.472,0.28,9,-9.061,1,0.0865,0.79,0.0,0.14,0.226,69.953,pop,New Pop Picks
brrr,0.569,0.808,3,-5.203,0,0.171,0.091,0.0,0.173,0.449,146.902,pop,New Pop Picks
Sugar Rush Ride,0.712,0.893,10,-3.995,0,0.0851,0.00788,0.0,0.169,0.828,125.022,pop,New Pop Picks
SHOOTING STAR,0.625,0.712,2,-5.996,1,0.0539,0.0229,0.0,0.252,0.398,163.015,pop,New Pop Picks
Never Change,0.42,0.311,6,-6.453,1,0.0424,0.794,0.0,0.0785,0.193,159.994,pop,New Pop Picks
If I Ever,0.754,0.679,9,-5.594,0,0.0341,0.0839,0.0,0.0948,0.666,109.958,pop,New Pop Picks
Spam Calls,0.621,0.219,1,-14.751,1,0.0405,0.964,0.0118,0.115,0.288,118.969,pop,New Pop Picks
nervous,0.92,0.496,7,-7.93,1,0.0819,0.128,0.0,0.25,0.734,109.979,pop,New Pop Picks
How Dare You,0.362,0.406,7,-8.297,1,0.0449,0.418,0.0,0.0833,0.197,195.065,pop,New Pop Picks
Play Dumb,0.442,0.287,0,-8.224,1,0.0353,0.767,0.0,0.109,0.324,89.36,pop,New Pop Picks
In a Few Months,0.703,0.753,2,-6.32,1,0.125,0.0981,0.0,0.205,0.647,133.857,pop,New Pop Picks
happier,0.37,0.572,1,-6.009,1,0.0557,0.0149,0.0,0.0306,0.409,89.894,pop,New Pop Picks
My Stupid Heart,0.745,0.681,7,-7.91,1,0.0361,0.0696,0.0,0.164,0.613,115.0,pop,New Pop Picks
Read Your Mind,0.596,0.455,2,-7.4,1,0.0273,0.0319,0.0,0.153,0.149,86.869,pop,New Pop Picks
TREBUCHET,0.514,0.654,6,-6.031,1,0.0479,0.167,0.0,0.0838,0.519,83.147,pop,New Pop Picks
Getting Older,0.51,0.72,10,-4.389,1,0.0509,0.0707,0.0,0.222,0.48,85.557,pop,New Pop Picks
Story of a Boy,0.548,0.851,7,-4.497,1,0.144,0.0228,0.0,0.484,0.678,97.052,pop,New Pop Picks
Make A Scene,0.536,0.486,9,-7.228,1,0.0556,0.244,0.0043,0.466,0.484,172.051,pop,New Pop Picks
Caffeine,0.721,0.557,2,-10.756,1,0.353,0.538,0.0,0.108,0.469,89.984,pop,New Pop Picks
Better,0.723,0.802,8,-8.277,0,0.0271,0.172,0.0158,0.119,0.962,135.022,pop,New Pop Picks
Blue,0.817,0.508,0,-7.207,0,0.0873,0.235,2.14e-06,0.127,0.589,88.019,pop,New Pop Picks
Losses,0.642,0.87,1,-8.937,0,0.0703,0.232,1.27e-05,0.233,0.526,181.978,pop,New Pop Picks
My Favorite Song,0.764,0.411,11,-7.082,1,0.0376,0.0701,0.000451,0.329,0.552,125.017,pop,New Pop Picks
Deadline,0.649,0.363,2,-10.019,1,0.0693,0.897,1.02e-06,0.106,0.512,171.945,pop,New Pop Picks
overflow,0.319,0.68,10,-6.002,1,0.116,0.629,9.48e-05,0.11,0.0999,75.78,pop,New Pop Picks
Everyone And No One,0.314,0.507,1,-6.762,1,0.0563,0.478,0.0,0.0869,0.236,61.975,pop,New Pop Picks
Elephant In The Room,0.494,0.299,1,-12.741,1,0.0296,0.852,3.96e-06,0.176,0.48,76.642,pop,New Pop Picks
Not My Problem,0.657,0.696,11,-4.403,0,0.0757,0.0569,0.0,0.356,0.51,75.044,pop,New Pop Picks
Don't Go Wasting Time,0.585,0.579,4,-4.847,1,0.0279,0.236,0.0,0.0914,0.127,130.027,pop,New Pop Picks
ALERGICA,0.607,0.87,6,-4.289,0,0.0471,0.115,0.0056,0.173,0.764,167.001,pop,New Pop Picks
LUV AGAIN,0.595,0.208,5,-11.957,1,0.0371,0.851,0.0,0.0943,0.484,117.253,pop,New Pop Picks
Recovering People Pleaser,0.519,0.708,5,-3.197,1,0.057,0.399,0.0,0.125,0.293,160.027,pop,New Pop Picks
sad on the weekend,0.668,0.35,3,-9.158,1,0.0389,0.588,0.0,0.125,0.333,146.017,pop,New Pop Picks
Replace You,0.853,0.676,4,-4.398,0,0.0616,0.0923,1.15e-05,0.0904,0.631,122.975,pop,New Pop Picks
Ok,0.621,0.664,8,-5.241,1,0.143,0.0278,0.0,0.367,0.541,75.019,pop,New Pop Picks
Broke Boy,0.817,0.948,4,-3.615,1,0.15,0.0454,0.0025,0.34,0.882,99.987,pop,New Pop Picks
Chill the fck out,0.855,0.587,8,-6.019,1,0.0668,0.00615,0.00213,0.0839,0.84,124.007,pop,New Pop Picks
This Is,0.483,0.492,0,-6.734,0,0.157,0.221,0.0,0.0907,0.328,168.79,rnb,Are & Be
Pray It Away,0.611,0.626,7,-5.087,1,0.0778,0.337,0.0,0.115,0.48,100.129,rnb,Are & Be
Snooze,0.559,0.551,5,-7.231,1,0.132,0.141,0.0,0.11,0.392,143.008,rnb,Are & Be
Where I Go (feat. H.E.R.),0.62,0.396,1,-15.498,0,0.206,0.735,0.000985,0.0976,0.774,87.865,rnb,Are & Be
Nothing Even Matters,0.545,0.768,4,-5.249,0,0.269,0.46,0.0,0.118,0.557,115.052,rnb,Are & Be
Tell Me It's Over (feat. Summer Walker & 6LACK),0.702,0.472,5,-7.282,1,0.0967,0.389,0.0,0.112,0.39,122.083,rnb,Are & Be
ICU,0.584,0.453,8,-6.682,1,0.0661,0.753,0.0,0.111,0.328,124.913,rnb,Are & Be
Breaking Point,0.507,0.538,1,-7.454,1,0.0643,0.4,1.9e-05,0.161,0.239,111.458,rnb,Are & Be
Queen Space (with Summer Walker),0.8,0.614,7,-6.255,0,0.0668,0.174,0.000176,0.0849,0.548,135.018,rnb,Are & Be
I Wish you Roses,0.467,0.624,10,-8.511,0,0.0508,0.143,0.000899,0.145,0.31,141.889,rnb,Are & Be
Do You Like Me?,0.714,0.407,11,-6.806,1,0.0422,0.522,0.00618,0.128,0.358,76.978,rnb,Are & Be
Love Language,0.707,0.261,9,-10.139,0,0.0784,0.853,0.0,0.127,0.545,65.038,rnb,Are & Be
Sure Thing,0.684,0.607,11,-8.127,0,0.1,0.0267,0.000307,0.191,0.498,81.001,rnb,Are & Be
Say You Want Me,0.884,0.658,0,-5.94,1,0.134,0.19,0.00164,0.103,0.502,112.978,rnb,Are & Be
CUFF IT,0.78,0.689,7,-5.668,1,0.141,0.0368,9.69e-06,0.0698,0.642,115.042,rnb,Are & Be
2 Sugar (feat. Ayra Starr),0.914,0.643,6,-3.862,0,0.134,0.0498,0.0,0.0618,0.764,105.033,rnb,Are & Be
Apply Pressure,0.658,0.644,0,-9.268,0,0.398,0.455,9.71e-06,0.0955,0.37,89.779,rnb,Are & Be
Feature Me,0.731,0.493,6,-4.96,0,0.0581,0.116,8.32e-06,0.0619,0.852,127.03,rnb,Are & Be
ALL MINE,0.617,0.378,9,-8.54,1,0.0315,0.428,9.16e-05,0.11,0.22,141.967,rnb,Are & Be
Shirt,0.848,0.512,3,-7.72,0,0.102,0.228,0.00232,0.0879,0.572,120.009,rnb,Are & Be
I'm Baby (ft. Jvck James),0.521,0.565,11,-9.596,0,0.0681,0.136,1.65e-06,0.134,0.261,114.562,rnb,Are & Be
Changes,0.745,0.622,7,-6.892,0,0.128,0.0992,0.0,0.0832,0.557,140.082,rnb,Are & Be
PLASTIC OFF THE SOFA,0.618,0.712,1,-8.246,1,0.114,0.14,4.53e-06,0.575,0.305,97.057,rnb,Are & Be
Fight for Love,0.836,0.411,6,-9.084,0,0.0325,0.42,0.382,0.0913,0.845,90.876,rnb,Are & Be
Like Her Too,0.557,0.455,10,-6.469,0,0.0444,0.594,0.0,0.122,0.584,123.842,rnb,Are & Be
FOREVER,0.766,0.518,8,-6.527,1,0.0835,0.744,2.23e-05,0.109,0.494,119.906,rnb,Are & Be
FOREVER (with 6LACK),0.815,0.606,2,-4.496,0,0.0586,0.543,2.03e-05,0.114,0.484,114.009,rnb,Are & Be
Die For You,0.582,0.525,1,-7.163,0,0.0627,0.111,0.0,0.134,0.51,133.249,rnb,Are & Be
Let's Talk About It,0.506,0.531,1,-6.927,1,0.0855,0.53,0.0,0.108,0.707,136.961,rnb,Are & Be
For the Night,0.462,0.821,5,-3.678,0,0.243,0.216,0.0,0.137,0.487,79.131,rnb,Are & Be
Waste My Time,0.65,0.662,5,-7.555,0,0.0618,0.0287,0.0,0.34,0.628,77.011,rnb,Are & Be
Obsession (feat. Muni Long) - Remix,0.667,0.55,7,-8.533,0,0.0702,0.497,0.0,0.111,0.49,107.005,rnb,Are & Be
Spread Thin,0.621,0.411,6,-8.261,0,0.0333,0.0553,0.0,0.0816,0.357,110.113,rnb,Are & Be
Blind,0.461,0.279,9,-11.776,0,0.0373,0.911,0.0,0.205,0.599,114.225,rnb,Are & Be
Make Me Stay,0.739,0.371,4,-8.152,0,0.0511,0.358,4.27e-05,0.139,0.207,122.033,rnb,Are & Be
DAYDREAM,0.723,0.461,4,-9.747,0,0.0776,0.623,4.89e-06,0.237,0.183,117.983,rnb,Are & Be
Gotta Move On (feat. Bryson Tiller),0.699,0.679,9,-4.528,1,0.0556,0.55,0.0,0.0816,0.56,102.919,rnb,Are & Be
Call Me Every Day (feat. Wizkid),0.73,0.634,4,-7.194,0,0.184,0.111,9.63e-06,0.0986,0.777,171.824,rnb,Are & Be
Liquor (with Ari Lennox),0.542,0.664,1,-4.849,0,0.082,0.0826,0.0,0.131,0.57,63.112,rnb,Are & Be
The Words,0.769,0.446,6,-6.572,1,0.0717,0.138,0.0,0.104,0.62,89.975,rnb,Are & Be
So Be It,0.733,0.625,6,-5.319,1,0.176,0.166,0.0,0.118,0.255,132.248,rnb,Are & Be
DO 4 LOVE,0.367,0.142,6,-12.717,0,0.0319,0.913,0.00367,0.107,0.1,69.827,rnb,Are & Be
Lift Me Up - From Black Panther: Wakanda Forever - Music From and Inspired By,0.247,0.299,9,-6.083,1,0.0315,0.899,0.0,0.131,0.172,177.115,rnb,Are & Be
Getting Late,0.538,0.659,3,-8.122,0,0.234,0.756,0.00044,0.109,0.542,88.791,rnb,Are & Be
Guess,0.384,0.632,7,-6.736,0,0.403,0.447,0.00047,0.094,0.373,80.046,rnb,Are & Be
JACKIE BROWN,0.726,0.353,10,-10.273,1,0.105,0.65,0.002,0.224,0.503,137.66,rnb,Are & Be
Make You Mine,0.551,0.37,5,-10.194,0,0.0551,0.87,0.0,0.122,0.241,137.265,rnb,Are & Be
Life Is Good (feat. Scribz Riley),0.659,0.675,1,-6.005,0,0.19,0.198,0.00129,0.108,0.19,146.049,rnb,Are & Be
Unloyal (with Ari Lennox),0.805,0.51,4,-6.179,0,0.0569,0.0357,0.000469,0.108,0.36,127.983,rnb,Are & Be
Such A Thing,0.565,0.464,0,-7.604,1,0.0581,0.777,0.0227,0.124,0.337,145.775,rnb,Are & Be
Kill Bill,0.644,0.735,8,-5.747,1,0.0391,0.0521,0.144,0.161,0.418,88.98,rnb,All the Feels
Feel No Ways,0.582,0.677,7,-7.081,1,0.172,0.0312,6.6e-06,0.122,0.205,193.818,rnb,All the Feels
Stuck On You,0.599,0.45,7,-7.431,1,0.0519,0.166,3.29e-05,0.112,0.144,157.969,rnb,All the Feels
Please Do Not Lean (feat. BADBADNOTGOOD),0.67,0.41,1,-13.444,1,0.0381,0.241,8.55e-06,0.167,0.46,127.972,rnb,All the Feels
Sure Thing,0.684,0.607,11,-8.127,0,0.1,0.0267,0.000307,0.191,0.498,81.001,rnb,All the Feels
Die For You,0.582,0.525,1,-7.163,0,0.0627,0.111,0.0,0.134,0.51,133.249,rnb,All the Feels
Spread Thin,0.621,0.411,6,-8.261,0,0.0333,0.0553,0.0,0.0816,0.357,110.113,rnb,All the Feels
Tell Me It's Over (feat. Summer Walker & 6LACK),0.497,0.477,2,-7.285,0,0.116,0.373,0.0,0.114,0.389,121.524,rnb,All the Feels
Make Me Stay,0.739,0.371,4,-8.152,0,0.0511,0.358,4.27e-05,0.139,0.207,122.033,rnb,All the Feels
Pray It Away,0.611,0.626,7,-5.087,1,0.0778,0.337,0.0,0.115,0.48,100.129,rnb,All the Feels
Jungle,0.697,0.235,7,-8.651,1,0.0534,0.62,0.000144,0.107,0.378,99.947,rnb,All the Feels
From Time,0.739,0.491,1,-9.726,0,0.413,0.626,0.0,0.126,0.448,94.391,rnb,All the Feels
Poison,0.689,0.394,2,-10.102,0,0.065,0.711,0.000905,0.0859,0.382,117.489,rnb,All the Feels
LOVE. FEAT. ZACARI.,0.8,0.585,10,-7.343,1,0.0924,0.264,0.0,0.153,0.779,126.058,rnb,All the Feels
"Yo Love - From ""Queen & Slim: The Soundtrack""",0.703,0.573,0,-9.032,1,0.0724,0.565,3.13e-06,0.0987,0.491,147.038,rnb,All the Feels
Over,0.677,0.541,6,-6.057,0,0.0571,0.48,0.0,0.125,0.379,103.369,rnb,All the Feels
Novacane,0.762,0.508,3,-9.112,1,0.0919,0.0584,0.00126,0.16,0.37,93.51,rnb,All the Feels
I Hate U,0.535,0.388,7,-9.805,0,0.155,0.507,0.0,0.11,0.412,106.703,rnb,All the Feels
PERSIAN RUGS,0.768,0.428,1,-8.156,0,0.0459,0.0489,0.000491,0.105,0.147,110.478,rnb,All the Feels
Teenage Fever,0.766,0.283,8,-10.33,0,0.0846,0.111,0.0172,0.115,0.144,97.04,rnb,All the Feels
Nobody But You,0.637,0.299,7,-11.314,1,0.0366,0.742,0.0,0.359,0.364,83.872,rnb,All the Feels
Want U Around (feat. Ruel),0.571,0.443,0,-6.76,1,0.0451,0.3,6.95e-06,0.101,0.621,143.923,rnb,All the Feels
Lie Again,0.576,0.36,7,-9.321,1,0.0352,0.406,0.000103,0.161,0.166,126.836,rnb,All the Feels
Inhale,0.498,0.705,9,-8.088,0,0.392,0.321,0.000441,0.414,0.571,156.519,rnb,All the Feels
Get You (feat. Kali Uchis),0.659,0.295,11,-8.528,0,0.0322,0.426,6.95e-05,0.0795,0.36,74.037,rnb,All the Feels
Sober,0.701,0.591,0,-6.646,1,0.0301,0.0979,2.53e-05,0.551,0.423,98.056,rnb,All the Feels
Coming Down (with Ari Lennox),0.813,0.6,9,-6.769,0,0.0602,0.115,1.34e-05,0.159,0.622,125.981,rnb,All the Feels
Smoking on my Ex Pack,0.466,0.676,8,-8.097,1,0.38,0.241,0.00318,0.224,0.333,81.227,rnb,All the Feels
Could've Been (feat. Bryson Tiller),0.45,0.352,1,-11.733,0,0.267,0.649,3.8e-06,0.249,0.408,102.679,rnb,All the Feels
The Falls,0.571,0.638,4,-6.207,0,0.0656,0.218,0.0,0.113,0.481,65.916,rnb,All the Feels
more than i should (feat. jessie reyez),0.591,0.597,0,-6.769,0,0.141,0.186,0.0,0.1,0.552,143.948,rnb,All the Feels
Pretty Little Fears (feat. J. Cole),0.61,0.458,9,-11.336,1,0.36,0.696,0.000103,0.0852,0.246,192.099,rnb,All the Feels
Favorite Mistake,0.651,0.412,10,-9.517,1,0.0552,0.754,0.0,0.129,0.136,84.975,rnb,All the Feels
Right My Wrongs,0.543,0.449,1,-8.065,1,0.0463,0.345,0.0,0.157,0.29,132.609,rnb,All the Feels
Talk 2 Me,0.464,0.126,11,-16.383,1,0.0647,0.816,3.67e-06,0.559,0.181,103.176,rnb,All the Feels
Immature,0.346,0.571,10,-5.724,0,0.0762,0.00718,0.0,0.135,0.463,82.67,rnb,All the Feels
Can I,0.574,0.791,1,-3.752,1,0.11,0.419,0.0,0.0982,0.612,119.537,rnb,All the Feels
How Would You Feel,0.64,0.592,11,-5.221,0,0.219,0.368,3.88e-06,0.127,0.52,106.812,rnb,All the Feels
Don't,0.765,0.356,11,-5.556,0,0.195,0.223,0.0,0.0963,0.189,96.991,rnb,All the Feels
You Can't Save Me,0.622,0.584,0,-7.891,1,0.122,0.0628,0.000152,0.119,0.545,158.276,rnb,All the Feels
While We're Young,0.649,0.791,2,-6.013,1,0.193,0.104,1.97e-06,0.108,0.811,128.023,rnb,All the Feels
4th Baby Mama,0.874,0.348,9,-9.643,1,0.0767,0.339,8.6e-06,0.116,0.151,111.98,rnb,All the Feels
Thinkin Bout You,0.721,0.339,0,-11.195,1,0.0532,0.409,0.00153,0.0973,0.2,129.83,rnb,All the Feels
Around Me,0.595,0.18,1,-12.516,1,0.0659,0.576,4.56e-05,0.097,0.119,75.067,rnb,All the Feels
True Colors,0.624,0.424,1,-8.237,1,0.24,0.286,0.0,0.173,0.584,76.671,rnb,All the Feels
Love Me,0.569,0.325,7,-9.66,0,0.0376,0.67,0.0,0.141,0.274,122.051,rnb,All the Feels
Don't Say,0.772,0.39,7,-8.862,0,0.0586,0.614,0.00181,0.121,0.609,72.993,rnb,All the Feels
oui,0.418,0.724,5,-3.724,1,0.0964,0.213,0.0,0.112,0.604,78.521,rnb,All the Feels
Streets,0.749,0.463,11,-8.433,1,0.0842,0.21,0.0382,0.338,0.189,90.035,rnb,All the Feels
Playing Games (with Bryson Tiller) - Extended Version,0.726,0.408,11,-6.606,0,0.0614,0.603,0.0,0.225,0.459,115.918,rnb,All the Feels
Lifetime,0.475,0.332,0,-11.807,1,0.0563,0.755,1.16e-05,0.114,0.506,111.614,rnb,All the Feels
Come and See Me (feat. Drake),0.807,0.347,2,-10.275,1,0.0613,0.0548,2.55e-06,0.087,0.0606,84.982,rnb,All the Feels
Whoa,0.509,0.514,10,-11.283,1,0.123,0.121,0.00144,0.104,0.476,188.019,rnb,All the Feels
Her,0.676,0.5,1,-6.603,1,0.0513,0.00371,0.00278,0.114,0.0742,90.03,rnb,All the Feels
Back to the Streets (feat. Jhené Aiko),0.865,0.792,4,-4.207,1,0.0677,0.168,1.46e-05,0.107,0.562,101.985,rnb,All the Feels
Summer 2020,0.401,0.485,6,-10.787,0,0.216,0.831,0.000292,0.0907,0.54,169.949,rnb,All the Feels
Lullaby,0.849,0.19,7,-9.628,1,0.0447,0.549,0.00229,0.102,0.203,113.955,rnb,All the Feels
All I Need,0.464,0.547,6,-6.455,0,0.0543,0.538,5.37e-05,0.108,0.277,134.38,rnb,All the Feels
Letter To Ur Ex,0.69,0.494,6,-7.41,0,0.0378,0.572,0.00068,0.129,0.283,79.955,rnb,All the Feels
Good & Plenty,0.658,0.619,9,-7.316,0,0.0772,0.788,0.0667,0.0951,0.354,136.077,rnb,All the Feels
Time Machine,0.662,0.516,2,-5.143,0,0.0375,0.0167,0.0003,0.134,0.181,87.099,rnb,All the Feels
Take Care of You (feat. Syd),0.666,0.535,4,-9.033,0,0.112,0.827,0.0228,0.202,0.259,127.029,rnb,All the Feels
My Affection (with PARTYNEXTDOOR),0.632,0.495,7,-8.335,1,0.143,0.333,0.0,0.0941,0.233,77.083,rnb,All the Feels
Not Me,0.61,0.478,2,-7.648,0,0.32,0.293,0.000898,0.0963,0.477,171.881,rnb,All the Feels
All Pride Aside with Summer Walker,0.643,0.581,8,-6.783,1,0.0565,0.079,0.000133,0.104,0.474,129.925,rnb,All the Feels
Stole My Love,0.777,0.472,0,-10.24,1,0.0418,0.566,0.0,0.105,0.429,116.059,rnb,All the Feels
Juke Jam (feat. Justin Bieber & Towkio),0.505,0.397,5,-9.349,1,0.324,0.716,0.0,0.0853,0.558,95.063,rnb,All the Feels
LOST YOU,0.445,0.468,5,-8.106,0,0.0702,0.524,0.000849,0.112,0.444,87.803,rnb,All the Feels
Waiting For (feat. Jamila Woods),0.738,0.379,2,-11.644,0,0.084,0.201,1.1e-05,0.0806,0.598,122.042,rnb,All the Feels
Doing It Wrong,0.397,0.172,6,-15.698,0,0.0445,0.841,6.78e-05,0.108,0.123,101.275,rnb,All the Feels
Easy,0.722,0.282,5,-7.484,1,0.106,0.373,0.00557,0.147,0.217,91.367,rnb,All the Feels
Got Me (with Ari Lennox & Omen feat. Ty Dolla $ign & Dreezy),0.664,0.61,7,-6.432,0,0.339,0.145,0.0,0.097,0.472,76.024,rnb,All the Feels
Intoxicated Truth,0.685,0.669,1,-6.126,1,0.0355,0.729,8.81e-05,0.112,0.38,110.003,rnb,All the Feels
Give Me Time,0.66,0.648,10,-6.339,0,0.0854,0.444,0.0,0.164,0.309,145.909,rnb,All the Feels
Nights Like This (feat. Ty Dolla $ign),0.61,0.725,8,-5.131,1,0.15,0.367,0.0,0.154,0.291,146.163,rnb,All the Feels
Letter To Ur N(ex)t,0.49,0.296,2,-10.989,0,0.0985,0.879,0.000141,0.106,0.0971,105.829,rnb,All the Feels
How Could I Forget You,0.57,0.411,6,-9.461,0,0.0579,0.655,5.37e-05,0.198,0.441,74.358,rnb,All the Feels
Honesty,0.66,0.139,6,-16.339,0,0.0323,0.964,1.1e-05,0.105,0.312,79.975,rnb,All the Feels
Do I Ever (feat. Chris Brown),0.453,0.461,1,-6.387,1,0.0533,0.0319,0.0,0.142,0.414,98.172,rnb,All the Feels
The Worst,0.539,0.414,1,-9.156,0,0.0601,0.253,1.3e-06,0.143,0.123,94.895,rnb,All the Feels
Girl Like Me (feat. H.E.R.),0.5,0.638,6,-4.007,0,0.0756,0.66,0.0,0.366,0.698,81.145,rnb,All the Feels
Wicked Games,0.658,0.591,9,-5.197,1,0.0309,0.00959,5.27e-06,0.325,0.326,114.078,rnb,All the Feels
Wicked Games,0.789,0.435,1,-7.042,0,0.0599,0.447,0.0,0.135,0.456,72.973,rnb,All the Feels
atrapada en el cielo,0.402,0.346,2,-9.694,0,0.0436,0.145,0.0,0.104,0.118,137.821,rnb,All the Feels
"CINDERELLA, Pt. 2",0.58,0.317,6,-10.769,1,0.137,0.489,3.45e-06,0.112,0.338,176.959,rnb,All the Feels
MUTUAL FRIEND,0.537,0.349,11,-7.818,1,0.0358,0.79,0.0,0.094,0.388,99.762,rnb,All the Feels
Wylin',0.497,0.489,4,-7.849,0,0.0413,0.111,0.00167,0.0912,0.0348,163.814,rnb,All the Feels
WTF,0.635,0.531,8,-9.241,1,0.292,0.198,0.0,0.212,0.359,130.209,rnb,All the Feels
Blue Lights,0.692,0.57,7,-8.077,1,0.185,0.666,0.0,0.107,0.309,91.917,rnb,All the Feels
More Than Enough,0.648,0.531,2,-5.886,0,0.0345,0.26,0.000897,0.12,0.253,143.008,rnb,All the Feels
Easily,0.773,0.256,7,-8.545,0,0.0481,0.491,0.00612,0.144,0.357,118.893,rnb,All the Feels
Goofy,0.734,0.415,5,-9.227,0,0.189,0.429,0.0,0.135,0.0718,57.723,rnb,All the Feels
Best Part (feat. H.E.R.),0.524,0.364,7,-10.209,1,0.0367,0.808,0.0,0.1,0.436,75.24,rnb,All the Feels
Losin Control,0.759,0.245,6,-6.545,1,0.138,0.515,0.000154,0.102,0.209,96.992,rnb,All the Feels
What A Lie,0.636,0.567,1,-7.344,1,0.0745,0.568,1.4e-05,0.131,0.282,125.457,rnb,All the Feels
Killing Me,0.432,0.401,11,-8.381,0,0.0582,0.469,0.0,0.137,0.23,158.274,rnb,All the Feels
Dead To Me,0.526,0.347,7,-10.333,1,0.13,0.694,0.000251,0.112,0.344,115.219,rnb,All the Feels
Wake Up Love,0.583,0.766,11,-4.743,0,0.405,0.502,1.79e-06,0.159,0.203,131.374,rnb,All the Feels
LANSDOWNE,0.569,0.376,9,-6.622,1,0.121,0.675,0.498,0.111,0.312,80.099,rnb,All the Feels
Think About Me,0.549,0.294,7,-10.2,1,0.048,0.0606,0.792,0.0933,0.11,105.03,rnb,All the Feels
